"Buyer1","buyer1@purdue.edu","password1234","b","Buyer2,Seller2"
"Buyer2","email2@email.com","password2","b","Buyer1,Seller1"
"Seller1","email3@email.com","password3","s","Buyer2","storeName,Adidas"
"Seller2","email5@email.com","password5","s","Buyer1","r1"
"Buyer3","email4@email.com","password4","b",""
"Pj","pj@gmail.com","fire","b",""
"Jlen","jlen@gmail.com","water","b",""
"Alik","alik@gmail.com","fire","b",""
"Mann","mann72@purdue.edu","12345","b",""
"Den","den@gmail.com","tree32","b",""
"Pow","pow@gmail.com","apple54","s","","Pow's Store"
"kevbby","kev@gmail.com","pria","b","Pj"
